https://res.cloudinary.com/dka8ivvhj/image/upload/v1790110053/conferencing/exa1mok3ze8cxeejnrmg.webp	stg-exa1mok3ze8cxeejnrmg.webp.jpg	/
https://res.cloudinary.com/dka8ivvhj/image/upload/v1790110150/conferencing/bq0ykovrneinzm8oghro.webp	stg-bq0ykovrneinzm8oghro.webp.jpg	/
https://res.cloudinary.com/dka8ivvhj/image/upload/v1790110327/conferencing/vmrjqwttpbdim8yudrle.webp	stg-vmrjqwttpbdim8yudrle.webp.jpg	/
https://res.cloudinary.com/dka8ivvhj/image/upload/v1790110275/conferencing/lkqba1ugvfikkawo2t9z.webp	stg-lkqba1ugvfikkawo2t9z.webp.jpg	/spaces/bay-lounge
https://res.cloudinary.com/dka8ivvhj/image/upload/v1790110343/conferencing/twefeqo6y8slmxf21bgp.webp	stg-twefeqo6y8slmxf21bgp.webp.jpg	/spaces/bay-lounge
https://images.prismic.io/transamerica-pyramid-center-complete/ZtXlOLzzk9ZrW4wY_Homepage_Dine_Marquee_IMG_1800x2000px.jpg?fm=jpg&q=95	tap-ZtXlOLzzk9ZrW4wY_Homepage_Dine_Marquee_IMG_1800x2000px.jpg	/
https://images.prismic.io/transamerica-pyramid-center-complete/aXFccQIvOtkhBypM_ICASFatTransamericaPyramidCenter_TaraDonovanStratagems_NicholasLeaBruno_SP26-1.jpg?fm=jpg&q=95	tap-aXFccQIvOtkhBypM_ICASFatTransamericaPyramidCenter_TaraDonovanStratagems_NicholasLeaBruno_SP26-1.jpg	/
https://images.prismic.io/transamerica-pyramid-center-complete/Zt8P3hoQrfVKl3Mz_Homepage_Art_Marquee_IMG_1800x2000px.jpg?fm=jpg&q=95	tap-Zt8P3hoQrfVKl3Mz_Homepage_Art_Marquee_IMG_1800x2000px.jpg	/
https://images.prismic.io/transamerica-pyramid-center-complete/aCyWVSdWJ-7kSWlr_003__A1C1484.jpg?fm=jpg&q=95	tap-aCyWVSdWJ-7kSWlr_003__A1C1484.jpg	/
https://images.prismic.io/transamerica-pyramid-center-complete/afkvUsBOoF08xmi7_13-ICASF_LilyKwong_EARTHSEEDDOME_Phase2_Installation_PhotobyNicholasLeaBruno.jpg?fm=jpg&q=95	tap-afkvUsBOoF08xmi7_13-ICASF_LilyKwong_EARTHSEEDDOME_Phase2_Installation_PhotobyNicholasLeaBruno.jpg	/
https://images.prismic.io/transamerica-pyramid-center-complete/adgC951ZCF7ETDVL_ICASF_StratagemsbyTaraDonovan_NicholasLeaBruno_SP26-8.jpg?fm=jpg&q=95	tap-adgC951ZCF7ETDVL_ICASF_StratagemsbyTaraDonovan_NicholasLeaBruno_SP26-8.jpg	/
https://images.prismic.io/transamerica-pyramid-center-complete/ac7vhpGXnQHGZOx3_SHVO_TAP_322.jpg?fm=jpg&q=95	tap-ac7vhpGXnQHGZOx3_SHVO_TAP_322.jpg	/
https://images.prismic.io/transamerica-pyramid-center-complete/ac7uOpGXnQHGZOxX_AdobeStock_482724545.jpeg?fm=jpg&q=95	tap-ac7uOpGXnQHGZOxX_AdobeStock_482724545.jpg	/transamerica-pyramid
https://images.prismic.io/transamerica-pyramid-center-complete/ZxmVDIF3NbkBX86l_TheOldBankExchangeintheOldMontgomeryBlock-standard-scale-6_00x_EDITED2.jpg?fm=jpg&q=95	tap-ZxmVDIF3NbkBX86l_TheOldBankExchangeintheOldMontgomeryBlock-standard-scale-6_00x_EDITED2.jpg	/transamerica-pyramid
https://images.prismic.io/transamerica-pyramid-center-complete/ZtWac0aF0TcGJqv9_TransamericaPyramid_HorizontalScroll02_IMG_3000x2000.jpg?fm=jpg&q=95	tap-ZtWac0aF0TcGJqv9_TransamericaPyramid_HorizontalScroll02_IMG_3000x2000.jpg	/transamerica-pyramid
https://images.prismic.io/transamerica-pyramid-center-complete/ZtXprbzzk9ZrW43L_TransamericaPyramid_HorizontalScroll03_IMG_3000x2000.jpg?fm=jpg&q=95	tap-ZtXprbzzk9ZrW43L_TransamericaPyramid_HorizontalScroll03_IMG_3000x2000.jpg	/transamerica-pyramid
https://images.prismic.io/transamerica-pyramid-center-complete/adA1CZGXnQHGZQto_3103_FP918387.jpg?fm=jpg&q=95	tap-adA1CZGXnQHGZQto_3103_FP918387.jpg	/transamerica-pyramid
https://images.prismic.io/transamerica-pyramid-center-complete/adA1TZGXnQHGZQtq_3103_FP918339.jpg?fm=jpg&q=95	tap-adA1TZGXnQHGZQtq_3103_FP918339.jpg	/transamerica-pyramid
https://images.prismic.io/transamerica-pyramid-center-complete/adA1rZGXnQHGZQtv_3103_FP918370.jpg?fm=jpg&q=95	tap-adA1rZGXnQHGZQtv_3103_FP918370.jpg	/transamerica-pyramid
https://images.prismic.io/transamerica-pyramid-center-complete/adA155GXnQHGZQt2_3103_FP918365.jpg?fm=jpg&q=95	tap-adA155GXnQHGZQt2_3103_FP918365.jpg	/transamerica-pyramid
https://images.prismic.io/transamerica-pyramid-center-complete/adUnMpGXnQHGZVK4_SHVO_TAP_387.jpg?fm=jpg&q=95	tap-adUnMpGXnQHGZVK4_SHVO_TAP_387.jpg	/transamerica-pyramid
https://images.prismic.io/transamerica-pyramid-center-complete/adUnNZGXnQHGZVK6_SHVO_TAP_469.jpg?fm=jpg&q=95	tap-adUnNZGXnQHGZVK6_SHVO_TAP_469.jpg	/transamerica-pyramid
https://images.prismic.io/transamerica-pyramid-center-complete/acgMrZGXnQHGZEZw_LobbyCoffeeBar_DouglasFriedman.jpg?fm=jpg&q=95	tap-acgMrZGXnQHGZEZw_LobbyCoffeeBar_DouglasFriedman.jpg	/transamerica-pyramid
https://images.prismic.io/transamerica-pyramid-center-complete/Z1HEYpbqstJ98E_4_SHVO_TAP_105.jpg?fm=jpg&q=95	tap-Z1HEYpbqstJ98E_4_SHVO_TAP_105.jpg	/transamerica-pyramid
https://images.prismic.io/transamerica-pyramid-center-complete/acgM0ZGXnQHGZEZx_FitnessCenterEntry_DouglasFriedman.jpg?fm=jpg&q=95	tap-acgM0ZGXnQHGZEZx_FitnessCenterEntry_DouglasFriedman.jpg	/transamerica-pyramid
https://images.prismic.io/transamerica-pyramid-center-complete/acgM-ZGXnQHGZEZy_SkyLounge2_DouglasFriedman.jpg?fm=jpg&q=95	tap-acgM-ZGXnQHGZEZy_SkyLounge2_DouglasFriedman.jpg	/transamerica-pyramid
https://images.prismic.io/transamerica-pyramid-center-complete/Z1HGxJbqstJ98FBa_SHVO_TAP_225.jpg?fm=jpg&q=95	tap-Z1HGxJbqstJ98FBa_SHVO_TAP_225.jpg	/transamerica-pyramid
https://images.prismic.io/transamerica-pyramid-center-complete/Z1HGd5bqstJ98FBT_SHVO_TAP_239.jpg?fm=jpg&q=95	tap-Z1HGd5bqstJ98FBT_SHVO_TAP_239.jpg	/transamerica-pyramid
https://images.prismic.io/transamerica-pyramid-center-complete/acgOM5GXnQHGZEab_SHVO_TAP_450.jpg?fm=jpg&q=95	tap-acgOM5GXnQHGZEab_SHVO_TAP_450.jpg	/transamerica-pyramid
https://images.prismic.io/transamerica-pyramid-center-complete/Z1HDk5bqstJ98E_A_SHVO_TAP_529.jpg?fm=jpg&q=95	tap-Z1HDk5bqstJ98E_A_SHVO_TAP_529.jpg	/transamerica-pyramid
https://images.prismic.io/transamerica-pyramid-center-complete/aFv6rXfc4bHWitsy_SHVO_TAP_279.jpeg?fm=jpg&q=95	tap-aFv6rXfc4bHWitsy_SHVO_TAP_279.jpg	/transamerica-pyramid
https://images.prismic.io/transamerica-pyramid-center-complete/ZuP15bVsGrYSvUuH_3000x3250_Rosewood_Tint.jpg?fm=jpg&q=95	tap-ZuP15bVsGrYSvUuH_3000x3250_Rosewood_Tint.jpg	/redwood-park
https://images.prismic.io/transamerica-pyramid-center-complete/adAxZpGXnQHGZQsf_AdobeStock_581099020.jpeg?fm=jpg&q=95	tap-adAxZpGXnQHGZQsf_AdobeStock_581099020.jpg	/redwood-park
https://images.prismic.io/transamerica-pyramid-center-complete/adWFjZ1ZCF7ES8On_TPC-RedwoodPark-LesLalanneMonkeyWide2a-Lscp.jpg?fm=jpg&q=95	tap-adWFjZ1ZCF7ES8On_TPC-RedwoodPark-LesLalanneMonkeyWide2a-Lscp.jpg	/redwood-park
https://images.prismic.io/transamerica-pyramid-center-complete/Z1HITJbqstJ98FE5_SHVO_TAP_268.jpg?fm=jpg&q=95	tap-Z1HITJbqstJ98FE5_SHVO_TAP_268.jpg	/redwood-park
https://images.prismic.io/transamerica-pyramid-center-complete/Ztbdybzzk9ZrW6Jm_Redwoods_Horizontal-Scroll_02_IMG_1520%C3%972000px.jpg?fm=jpg&q=95	tap-Ztbdybzzk9ZrW6Jm_Redwoods_Horizontal-Scroll_02_IMG_1520_2000px.jpg	/redwood-park
https://images.prismic.io/transamerica-pyramid-center-complete/adWGX51ZCF7ES8Ox_TPC-RedwoodPark-KioskSunshineView1-Lscp.jpg?fm=jpg&q=95	tap-adWGX51ZCF7ES8Ox_TPC-RedwoodPark-KioskSunshineView1-Lscp.jpg	/redwood-park
https://images.prismic.io/transamerica-pyramid-center-complete/adUqgZGXnQHGZVMh_AdobeStock_122078677.jpeg?fm=jpg&q=95	tap-adUqgZGXnQHGZVMh_AdobeStock_122078677.jpg	/visit-us
https://images.prismic.io/transamerica-pyramid-center-complete/ZuHOLRoQrfVKl_DV_SHVO_MAP_10.png?fm=jpg&q=95	tap-ZuHOLRoQrfVKl_DV_SHVO_MAP_10.jpg	/visit-us
https://images.prismic.io/transamerica-pyramid-center-complete/Zxrb_4F3NbkBYA3J_pyramidcafe.jpg?fm=jpg&q=95	tap-Zxrb_4F3NbkBYA3J_pyramidcafe.jpg	/visit-us
https://images.prismic.io/transamerica-pyramid-center-complete/Z1HEBJbqstJ98E_Q_SHVO_TAP_217.jpg?fm=jpg&q=95	tap-Z1HEBJbqstJ98E_Q_SHVO_TAP_217.jpg	/leasing
https://images.prismic.io/transamerica-pyramid-center-complete/ZqemVx5LeNNTxkXe_Trio_TRANSAMERICA-PYRAMID_IMG_774x1014px.png?fm=jpg&q=95	tap-ZqemVx5LeNNTxkXe_Trio_TRANSAMERICA-PYRAMID_IMG_774x1014px.jpg	/leasing
https://images.prismic.io/transamerica-pyramid-center-complete/ZqemZB5LeNNTxkXg_Trio_TWO-TRANSAMERICA_IMG_774x1014px.png?fm=jpg&q=95	tap-ZqemZB5LeNNTxkXg_Trio_TWO-TRANSAMERICA_IMG_774x1014px.jpg	/leasing
https://images.prismic.io/transamerica-pyramid-center-complete/Zqembx5LeNNTxkXi_Trio_THREE-TRANSAMERICA_IMG_774x1014px.png?fm=jpg&q=95	tap-Zqembx5LeNNTxkXi_Trio_THREE-TRANSAMERICA_IMG_774x1014px.jpg	/leasing